<application>
  <component name="ProjectManager">
    <defaultProject>
      <component name="PropertiesComponent"><![CDATA[{
  "keyToString": {
    "settings.editor.selected.configurable": "configurable.group.tools"
  }
}]]></component>
      <component name="WindowStateProjectService">
        <state x="703" y="168" key="SettingsEditor" timestamp="1752196754425">
          <screen x="0" y="0" width="1920" height="1080" />
        </state>
        <state x="703" y="168" key="SettingsEditor/0.0.1920.1080/1920.0.1920.1080" timestamp="1752196754425" />
      </component>
    </defaultProject>
  </component>
</application>