<application>
  <component name="DimensionService">
    <location key="find.popup.1920.0.1920.1080" x="2644" y="135" />
    <size key="GridCell.Tab.0.left.1920.0.1920.1080" width="1838" height="430" />
    <size key="GridCell.Tab.0.center.1920.0.1920.1080" width="1838" height="430" />
    <size key="GridCell.Tab.0.right.1920.0.1920.1080" width="1838" height="430" />
    <size key="GridCell.Tab.0.bottom.1920.0.1920.1080" width="1838" height="430" />
    <size key="find.popup.1920.0.1920.1080" width="763" height="864" />
    <size key="GridCell.Tab.1.left.1920.0.1920.1080" width="1838" height="430" />
    <size key="GridCell.Tab.1.center.1920.0.1920.1080" width="1838" height="430" />
    <size key="GridCell.Tab.1.right.1920.0.1920.1080" width="1838" height="430" />
    <size key="GridCell.Tab.1.bottom.1920.0.1920.1080" width="1838" height="430" />
  </component>
  <component name="WindowManager">
    <frame x="1920" y="0" width="1920" height="1042" extendedState="6" />
  </component>
  <component name="WindowStateApplicationService">
    <state width="967" height="159" key="ShowUsagesActions.dimensionServiceKey" timestamp="1763842118585">
      <screen x="0" y="0" width="1920" height="1080" />
    </state>
    <state width="967" height="159" key="ShowUsagesActions.dimensionServiceKey/0.0.1920.1080/1920.0.1920.1080" timestamp="1763842118585" />
  </component>
</application>